{"assets/images/My_img.jpg":["assets/images/My_img.jpg"],"assets/images/attendify_img1.jpg":["assets/images/attendify_img1.jpg"],"assets/images/attendify_img2.jpg":["assets/images/attendify_img2.jpg"],"assets/images/attendify_img3.jpg":["assets/images/attendify_img3.jpg"],"assets/images/attendify_img4.jpg":["assets/images/attendify_img4.jpg"],"assets/images/attendify_img5.jpg":["assets/images/attendify_img5.jpg"],"assets/sakshi bhosale.pdf":["assets/sakshi bhosale.pdf"],"packages/cupertino_icons/assets/CupertinoIcons.ttf":["packages/cupertino_icons/assets/CupertinoIcons.ttf"],"packages/font_awesome_flutter/lib/fonts/fa-brands-400.ttf":["packages/font_awesome_flutter/lib/fonts/fa-brands-400.ttf"],"packages/font_awesome_flutter/lib/fonts/fa-regular-400.ttf":["packages/font_awesome_flutter/lib/fonts/fa-regular-400.ttf"],"packages/font_awesome_flutter/lib/fonts/fa-solid-900.ttf":["packages/font_awesome_flutter/lib/fonts/fa-solid-900.ttf"],"packages/lucide_icons/assets/lucide.ttf":["packages/lucide_icons/assets/lucide.ttf"]}